product_name,price,mileage,sold_by,location,rating,no_of_reviews,fuel_type,city_mpg,highway_mpg,drivetrain,engine,exterior_color,interior_color,stock,transmission,vin,contact_info
2020 Honda Pilot EX,"$35,650 ",2 miles,Sold by CAG - First Texas Honda,"Austin, TX 78757",-4.9,1771 Reviews,Gasoline,19,27,FWD,3.5L V6 24V GDI SOHC,Steel Sapphire Metallic,Gray,H98449,6-Speed Automatic,5FNYF5H37LB019597,(512) 961-5768
2020 Honda Pilot EX,"$37,650 ",null,Sold by CAG - First Texas Honda,"Austin, TX 78757",-4.9,1771 Reviews,Gasoline,19,27,AWD,3.5L V6 24V GDI SOHC,Obsidian Blue Pearl,Gray,H98611,6-Speed Automatic,5FNYF6H38LB022515,(737) 241-3296
2020 Honda Pilot EX,"$37,650 ",null,Sold by CAG - First Texas Honda,"Austin, TX 78757",-4.9,1771 Reviews,Gasoline,19,27,AWD,3.5L V6 24V GDI SOHC,Obsidian Blue Pearl,Gray,H98610,6-Speed Automatic,5FNYF6H35LB027395,(737) 241-3296
2020 Honda Pilot EX,"$35,525 ",2 miles,Sold by CAG - First Texas Honda,"Austin, TX 78757",-4.9,1771 Reviews,Gasoline,19,27,FWD,3.5L V6 24V GDI SOHC,Steel Sapphire Metallic,Gray,H97692,6-Speed Automatic,5FNYF5H35LB006993,(512) 961-5768
2020 Honda Pilot EX,"$35,650 ",null,Sold by Round Rock Honda,"Round Rock, TX 78664",-4.7,62 Reviews,Gasoline,19,27,FWD,3.5L V6 24V GDI SOHC,Platinum White Pearl,Black,H020880,6-Speed Automatic,5FNYF5H37LB020880,(512) 481-7197
2020 Honda Pilot EX,"$35,650 ",null,Sold by Round Rock Honda,"Round Rock, TX 78664",-4.7,62 Reviews,Gasoline,19,27,FWD,3.5L V6 24V GDI SOHC,Lunar Silver Metallic,Gray,H022266,6-Speed Automatic,5FNYF5H3XLB022266,(512) 481-7197
2020 Honda Pilot EX,"$35,525 ",9 miles,Sold by Howdy Honda,"Austin, TX 78741",-4,33 Reviews,Gasoline,19,27,FWD,3.5L V6 24V GDI SOHC,Steel Sapphire Metallic,Gray,LB016929,6-Speed Automatic,5FNYF5H32LB016929,(888) 701-9252
2020 Honda Pilot EX,"$35,525 ",null,Sold by Round Rock Honda,"Round Rock, TX 78664",-4.7,62 Reviews,Gasoline,19,27,FWD,3.5L V6 24V GDI SOHC,Platinum White Pearl,Beige,H013303,6-Speed Automatic,5FNYF5H30LB013303,(512) 481-7197
2020 Honda Pilot EX,"$35,525 ",null,Sold by Round Rock Honda,"Round Rock, TX 78664",-4.7,62 Reviews,Gasoline,19,27,FWD,3.5L V6 24V GDI SOHC,Obsidian Blue Pearl,Gray,H016022,6-Speed Automatic,5FNYF5H37LB016022,(512) 481-7197
2020 Honda Pilot EX,"$35,650 ",2 miles,Sold by CAG - First Texas Honda,"Austin, TX 78757",-4.9,1771 Reviews,Gasoline,19,27,FWD,3.5L V6 24V GDI SOHC,Deep Scarlet Pearl,Beige,H98447,6-Speed Automatic,5FNYF5H31LB019787,(512) 961-5768
2020 Honda Pilot EX,"$37,650 ",null,Sold by CAG - First Texas Honda,"Austin, TX 78757",-4.9,1771 Reviews,Gasoline,19,27,AWD,3.5L V6 24V GDI SOHC,Platinum White Pearl,Beige,H98612,6-Speed Automatic,5FNYF6H38LB009229,(512) 961-5768
2020 Honda Pilot EX,"$37,400 ",null,Sold by Round Rock Honda,"Round Rock, TX 78664",-4.7,62 Reviews,Gasoline,19,27,FWD,3.5L V6 24V GDI SOHC,Platinum White Pearl,Black,H018217X,6-Speed Automatic,5FNYF5H3XLB018217,(512) 481-7197
2020 Honda Pilot EX,"$35,525 ",70 miles,Sold by Howdy Honda,"Austin, TX 78741",-4,33 Reviews,Gasoline,19,27,FWD,3.5L V6 24V GDI SOHC,Steel Sapphire Metallic,Gray,LB004135,6-Speed Automatic,5FNYF5H34LB004135,(888) 701-9252
2020 Honda Pilot EX,"$35,525 ",null,Sold by Round Rock Honda,"Round Rock, TX 78664",-4.7,62 Reviews,Gasoline,19,27,FWD,3.5L V6 24V GDI SOHC,Steel Sapphire Metallic,Gray,H006966,6-Speed Automatic,5FNYF5H32LB006966,(512) 481-7197
2020 Honda Pilot EX,"$37,650 ",null,Sold by Round Rock Honda,"Round Rock, TX 78664",-4.7,62 Reviews,Gasoline,19,27,AWD,3.5L V6 24V GDI SOHC,Lunar Silver Metallic,Gray,H052332,6-Speed Automatic,5FNYF6H37LB052332,(512) 481-7197
2020 Honda Pilot EX,"$35,525 ",2 miles,Sold by CAG - First Texas Honda,"Austin, TX 78757",-4.9,1771 Reviews,Gasoline,19,27,FWD,3.5L V6 24V GDI SOHC,Deep Scarlet Pearl,Beige,H97691,6-Speed Automatic,5FNYF5H37LB013072,(512) 961-5768
2020 Honda Pilot EX,"$37,650 ",null,Sold by CAG - First Texas Honda,"Austin, TX 78757",-4.9,1771 Reviews,Gasoline,19,27,AWD,3.5L V6 24V GDI SOHC,Platinum White Pearl,Beige,H98608,6-Speed Automatic,5FNYF6H3XLB009233,(737) 241-3296
2020 Honda Pilot EX,"$35,525 ",9 miles,Sold by Howdy Honda,"Austin, TX 78741",-4,33 Reviews,Gasoline,19,27,FWD,3.5L V6 24V GDI SOHC,Steel Sapphire Metallic,Gray,LB009010,6-Speed Automatic,5FNYF5H39LB009010,(888) 701-9252
2020 Honda Pilot EX,"$35,650 ",null,Sold by Round Rock Honda,"Round Rock, TX 78664",-4.7,62 Reviews,Gasoline,19,27,FWD,3.5L V6 24V GDI SOHC,Deep Scarlet Pearl,Beige,H022215,6-Speed Automatic,5FNYF5H34LB022215,(512) 481-7197
2020 Honda Pilot EX,"$35,650 ",null,Sold by CAG - First Texas Honda,"Austin, TX 78757",-4.9,1771 Reviews,Gasoline,19,27,FWD,3.5L V6 24V GDI SOHC,Lunar Silver Metallic,Gray,H98595,6-Speed Automatic,5FNYF5H3XLB016953,(737) 241-3296
2020 Honda Pilot EX,"$35,650 ",null,Sold by Round Rock Honda,"Round Rock, TX 78664",-4.7,62 Reviews,Gasoline,19,27,FWD,3.5L V6 24V GDI SOHC,Platinum White Pearl,Beige,H022472,6-Speed Automatic,5FNYF5H32LB022472,(512) 481-7197
2020 Honda Pilot EX,"$35,525 ",2 miles,Sold by CAG - First Texas Honda,"Austin, TX 78757",-4.9,1771 Reviews,Gasoline,19,27,FWD,3.5L V6 24V GDI SOHC,Platinum White Pearl,Beige,H98024,6-Speed Automatic,5FNYF5H32LB017613,(512) 961-5768
2020 Honda Pilot EX,"$37,650 ",null,Sold by CAG - First Texas Honda,"Austin, TX 78757",-4.9,1771 Reviews,Gasoline,19,27,AWD,3.5L V6 24V GDI SOHC,Steel Sapphire Metallic,Gray,H98659,6-Speed Automatic,5FNYF6H37LB015667,(737) 241-3296
2020 Honda Pilot EX,"$37,650 ",null,Sold by CAG - First Texas Honda,"Austin, TX 78757",-4.9,1771 Reviews,Gasoline,19,27,AWD,3.5L V6 24V GDI SOHC,Deep Scarlet Pearl,Beige,H98606,6-Speed Automatic,5FNYF6H39LB002693,(512) 961-5768
2020 Honda Pilot EX,"$35,650 ",2 miles,Sold by CAG - First Texas Honda,"Austin, TX 78757",-4.9,1771 Reviews,Gasoline,19,27,FWD,3.5L V6 24V GDI SOHC,Modern Steel Metallic,Gray,H98321,6-Speed Automatic,5FNYF5H31LB019028,(512) 961-5768
